Date,Open,High,Low,Close,Adj Close,Volume
2020-07-13,4.613968,4.915115,4.481499,4.896294,4.896294,28340
2020-07-14,4.909865,5.229564,4.762068,4.986754,4.986754,3957
2020-07-15,null,null,null,null,null,null
2020-07-16,null,null,null,null,null,null
2020-07-17,null,null,null,null,null,null
2020-07-18,null,null,null,null,null,null
2020-07-19,null,null,null,null,null,null
2020-07-20,null,null,null,null,null,null
2020-07-21,null,null,null,null,null,null
2020-07-22,null,null,null,null,null,null
2020-07-23,null,null,null,null,null,null
2020-07-24,null,null,null,null,null,null
2020-07-25,null,null,null,null,null,null
2020-07-26,null,null,null,null,null,null
2020-07-27,null,null,null,null,null,null
2020-07-28,null,null,null,null,null,null
2020-07-29,null,null,null,null,null,null
2020-07-30,null,null,null,null,null,null
2020-07-31,null,null,null,null,null,null
2020-08-01,null,null,null,null,null,null
2020-08-02,null,null,null,null,null,null
2020-08-03,null,null,null,null,null,null
2020-08-04,null,null,null,null,null,null
2020-08-05,null,null,null,null,null,null
2020-08-06,null,null,null,null,null,null
2020-08-07,null,null,null,null,null,null
2020-08-08,null,null,null,null,null,null
2020-08-09,null,null,null,null,null,null
2020-08-10,null,null,null,null,null,null
2020-08-11,null,null,null,null,null,null
2020-08-12,null,null,null,null,null,null
2020-08-13,null,null,null,null,null,null
2020-08-14,null,null,null,null,null,null
2020-08-15,null,null,null,null,null,null
2020-08-16,null,null,null,null,null,null
2020-08-17,null,null,null,null,null,null
2020-08-18,null,null,null,null,null,null
2020-08-19,null,null,null,null,null,null
2020-08-20,null,null,null,null,null,null
2020-08-21,null,null,null,null,null,null
2020-08-22,null,null,null,null,null,null
2020-08-23,null,null,null,null,null,null
2020-08-24,null,null,null,null,null,null
2020-08-25,null,null,null,null,null,null
2020-08-26,null,null,null,null,null,null
2020-08-27,null,null,null,null,null,null
2020-08-28,null,null,null,null,null,null
2020-08-29,null,null,null,null,null,null
2020-08-30,null,null,null,null,null,null
2020-08-31,null,null,null,null,null,null
2020-09-01,null,null,null,null,null,null
2020-09-02,null,null,null,null,null,null
2020-09-03,null,null,null,null,null,null
2020-09-04,null,null,null,null,null,null
2020-09-05,null,null,null,null,null,null
2020-09-06,null,null,null,null,null,null
2020-09-07,null,null,null,null,null,null
2020-09-08,null,null,null,null,null,null
2020-09-09,null,null,null,null,null,null
2020-09-10,null,null,null,null,null,null
2020-09-11,null,null,null,null,null,null
2020-09-12,null,null,null,null,null,null
2020-09-13,null,null,null,null,null,null
2020-09-14,null,null,null,null,null,null
2020-09-15,null,null,null,null,null,null
2020-09-16,null,null,null,null,null,null
2020-09-17,null,null,null,null,null,null
2020-09-18,null,null,null,null,null,null
2020-09-19,null,null,null,null,null,null
2020-09-20,null,null,null,null,null,null
2020-09-21,null,null,null,null,null,null
2020-09-22,4.986754,11.463443,4.125380,5.234632,5.234632,288098840
2020-09-23,5.321654,5.329310,3.982604,4.118469,4.118469,173091214
2020-09-24,3.817925,4.751878,3.539887,4.566561,4.566561,96110964
2020-09-25,4.614028,4.958673,4.240798,4.712279,4.712279,55854397
2020-09-26,4.713736,4.817752,4.376774,4.539249,4.539249,27304546
2020-09-27,4.535289,4.695472,4.138012,4.625536,4.625536,23243192
2020-09-28,4.636009,4.642367,4.204803,4.204803,4.204803,20624310
2020-09-29,4.205906,4.280641,3.970662,4.142951,4.142951,16706917
2020-09-30,4.143293,4.392278,4.015056,4.322546,4.322546,16932876
2020-10-01,4.324279,4.493292,4.059294,4.151090,4.151090,23903201
2020-10-02,4.149604,4.206492,3.693852,3.927156,3.927156,30467406
2020-10-03,3.925748,4.166156,3.880239,4.021660,4.021660,11967394
2020-10-04,4.022983,4.065016,3.855817,3.961110,3.961110,12949575
2020-10-05,3.960586,4.036362,3.886123,3.978020,3.978020,8980051
2020-10-06,3.982504,3.982504,3.519102,3.537658,3.537658,15048998
2020-10-07,3.538809,3.542980,3.230266,3.446818,3.446818,15674566
2020-10-08,3.448156,3.925564,3.342425,3.904279,3.904279,15215458
2020-10-09,3.911574,4.279157,3.818817,4.235305,4.235305,13043373
2020-10-10,4.241963,4.250989,4.016294,4.026705,4.026705,14539711
2020-10-11,4.022435,4.158483,3.970839,4.095879,4.095879,11454885
2020-10-12,4.092503,4.686799,4.051722,4.415740,4.415740,14445437
2020-10-13,4.413150,4.541392,4.334646,4.488054,4.488054,14050398
2020-10-14,4.483894,4.485448,4.022536,4.150056,4.150056,10004481
2020-10-15,4.152928,4.213541,4.016290,4.127353,4.127353,6998970
2020-10-16,4.127866,4.155393,3.887011,4.040480,4.040480,9790610
2020-10-17,4.038541,4.196009,3.976694,4.196009,4.196009,6113717
2020-10-18,4.192323,4.246367,4.083952,4.116062,4.116062,3717531
2020-10-19,4.117765,4.160939,3.997867,4.050311,4.050311,5848392
2020-10-20,4.053504,4.081610,3.714379,3.802201,3.802201,19646467
2020-10-21,3.800439,4.108505,3.794334,3.965959,3.965959,23475819
2020-10-22,3.971725,4.498044,3.962153,4.314421,4.314421,24178361
2020-10-23,4.330929,4.486894,4.149672,4.262106,4.262106,19482074
2020-10-24,4.262106,4.352660,4.161980,4.189700,4.189700,16681037
2020-10-25,4.189700,4.257972,4.105395,4.153210,4.153210,15517939
2020-10-26,4.153210,4.479071,4.049678,4.160973,4.160973,9243755
2020-10-27,4.160973,4.349709,4.043659,4.122243,4.122243,17600881
2020-10-28,4.122243,4.177805,3.935027,4.066606,4.066606,19435211
2020-10-29,4.066606,4.106396,3.733383,3.775312,3.775312,6527859
2020-10-30,3.775312,3.819172,3.580127,3.714938,3.714938,28434550
2020-10-31,3.714938,3.743536,3.585136,3.648368,3.648368,20452535
2020-11-01,3.648368,3.716676,3.555984,3.682664,3.682664,15953277
2020-11-02,3.682664,3.854503,3.614397,3.623915,3.623915,20039697
2020-11-03,3.623915,3.655554,3.242257,3.332747,3.332747,24573095
2020-11-04,3.332747,3.376659,3.002888,3.184633,3.184633,20709819
2020-11-05,3.184633,3.377098,3.022843,3.358205,3.358205,26135754
2020-11-06,3.358205,3.645242,3.318024,3.595282,3.595282,33947029
2020-11-07,3.595282,3.907106,3.382676,3.403408,3.403408,34653203
2020-11-08,3.403408,3.650816,3.368068,3.476598,3.476598,26072941
2020-11-09,3.476598,3.539321,3.265887,3.417125,3.417125,25509378
2020-11-10,3.417125,3.640520,3.369728,3.586142,3.586142,24316551
2020-11-11,3.586142,3.810148,3.457200,3.484356,3.484356,24727644
2020-11-12,3.484356,3.560577,3.319769,3.429143,3.429143,25090677
2020-11-13,3.429143,3.697817,3.391807,3.697801,3.697801,27584233
2020-11-14,3.697801,3.697801,3.403674,3.500485,3.500485,24359587
2020-11-15,3.500485,3.642452,3.422898,3.536580,3.536580,22702610
2020-11-16,3.536580,3.816524,3.459120,3.716656,3.716656,27372174
2020-11-17,3.788714,3.915112,3.698242,3.831768,3.831768,23031677
2020-11-18,3.831768,3.871043,3.575699,3.748681,3.748681,20818649
2020-11-19,3.748681,3.816442,3.570697,3.627004,3.627004,21489339
2020-11-20,3.627004,3.987024,3.624535,3.710605,3.710605,27416995
2020-11-21,3.710605,4.083803,3.692361,4.001856,4.001856,25984283
2020-11-22,4.001856,4.058050,3.716793,3.889969,3.889969,25963010
2020-11-23,3.889969,4.254518,3.848123,4.068428,4.068428,9013817
2020-11-24,4.068523,4.327888,3.870280,4.266966,4.266966,30722083
2020-11-25,4.267713,4.400343,3.933892,4.049503,4.049503,28505942
2020-11-26,4.049992,4.084810,3.302878,3.527710,3.527710,35408249
2020-11-27,3.526707,3.763903,3.425879,3.592152,3.592152,6023810
2020-11-28,3.589427,3.697806,3.480224,3.624503,3.624503,17509244
2020-11-29,3.624608,3.767205,3.532624,3.704312,3.704312,3901221
2020-11-30,3.704346,3.813839,3.645647,3.686424,3.686424,21457284
2020-12-01,3.686461,3.816161,3.492484,3.579318,3.579318,24719236
2020-12-02,3.579347,3.842220,3.529019,3.731418,3.731418,5085526
2020-12-03,3.736139,3.894949,3.717646,3.821922,3.821922,21038215
2020-12-04,3.821940,3.860148,3.518849,3.551129,3.551129,23754809
2020-12-05,3.538394,3.711921,3.508541,3.615126,3.615126,21215020
2020-12-06,3.615132,3.675857,3.509108,3.599609,3.599609,20224612
2020-12-07,3.599663,3.609886,3.325592,3.392123,3.392123,16909346
2020-12-08,3.392420,3.392420,3.096467,3.112555,3.112555,23027417
2020-12-09,3.111567,3.399476,2.808724,3.261969,3.261969,28583037
2020-12-10,3.261588,3.345826,3.070856,3.152690,3.152690,29252855
2020-12-11,3.152864,3.305008,3.014926,3.235806,3.235806,29224480
2020-12-12,3.232655,3.451851,3.231008,3.334231,3.334231,24630224
2020-12-13,3.334768,3.410037,3.293291,3.331057,3.331057,20722255
2020-12-14,3.330365,3.342179,3.136351,3.140347,3.140347,27242747
2020-12-15,3.141436,3.379336,3.061389,3.299948,3.299948,18320578
2020-12-16,3.299802,3.373800,3.151380,3.344162,3.344162,21054734
2020-12-17,3.343727,3.377374,3.179822,3.209255,3.209255,10227874
2020-12-18,3.209613,3.469288,3.141923,3.404798,3.404798,23107656
2020-12-19,3.405378,3.610322,3.380227,3.469613,3.469613,19919598
2020-12-20,3.469663,3.495378,3.285854,3.311469,3.311469,18750351
2020-12-21,3.311456,3.351082,3.033683,3.097619,3.097619,25892571
2020-12-22,3.094121,3.128812,2.924834,3.082421,3.082421,23991868
2020-12-23,3.082427,3.620084,2.796210,2.916323,2.916323,50329367
2020-12-24,2.930465,3.111959,2.789799,3.098723,3.098723,29820498
2020-12-25,3.097413,3.126981,2.858229,2.954710,2.954710,26360909
2020-12-26,2.955119,2.988567,2.853384,2.918270,2.918270,21332105
2020-12-27,2.918269,3.050767,2.848074,2.906161,2.906161,24533711
2020-12-28,2.905293,3.046745,2.866661,2.947435,2.947435,27088075
2020-12-29,2.947437,3.006633,2.835506,2.924666,2.924666,25386162
2020-12-30,2.925294,2.939915,2.833326,2.922409,2.922409,17031663
2020-12-31,2.922048,3.190903,2.788822,3.135609,3.135609,18953615
2021-01-01,3.153535,3.873537,3.054542,3.664823,3.664823,81260736
2021-01-02,3.662164,3.937007,3.299263,3.494940,3.494940,50081958
2021-01-03,3.494292,3.826090,3.396842,3.472944,3.472944,36997985
2021-01-04,3.473519,3.831960,3.250402,3.590243,3.590243,39414734
2021-01-05,3.590670,4.343222,3.485492,4.237412,4.237412,69735075
2021-01-06,4.233969,4.971324,4.155298,4.620357,4.620357,77632627
2021-01-07,4.605810,4.808977,4.347032,4.476613,4.476613,53715138
2021-01-08,4.475872,5.813029,4.054746,5.797110,5.797110,100707264
2021-01-09,5.766708,7.459085,5.621013,7.218531,7.218531,162227415
2021-01-10,7.216229,7.501712,6.191732,6.586496,6.586496,96243972
2021-01-11,6.579785,6.986017,5.775503,6.494089,6.494089,101394969
2021-01-12,6.487615,8.198621,6.457987,7.782700,7.782700,157738757
2021-01-13,7.757137,8.478569,7.186762,8.466815,8.466815,107370548
2021-01-14,8.464189,9.527691,8.228603,9.261315,9.261315,154674301
2021-01-15,9.270429,9.855640,8.633324,9.380012,9.380012,123418249
2021-01-16,9.386836,13.359240,9.169473,12.877918,12.877918,302897986
2021-01-17,12.868456,14.382868,12.400223,13.202684,13.202684,303643624
2021-01-18,13.179217,13.834187,12.681751,12.701574,12.701574,144213432
2021-01-19,12.712359,13.331988,11.621260,11.790321,11.790321,147387064
2021-01-20,11.791474,12.998588,11.079718,12.411565,12.411565,143245334
2021-01-21,12.418550,12.990006,11.147110,11.310116,11.310116,166420741
2021-01-22,11.301277,13.380753,10.720327,12.718836,12.718836,190313148
2021-01-23,12.707362,13.479141,12.562528,12.877226,12.877226,140727865
2021-01-24,12.872480,13.164893,12.275842,12.463920,12.463920,105137518
2021-01-25,12.459662,12.928799,12.081398,12.224095,12.224095,89612475
2021-01-26,12.222854,12.716865,11.483740,12.172890,12.172890,117575609
2021-01-27,12.179483,12.224190,10.835764,11.184797,11.184797,97215395
2021-01-28,11.187371,12.684061,10.903341,12.000270,12.000270,115201839
2021-01-29,12.022983,12.606816,11.376974,11.621697,11.621697,146529369
2021-01-30,11.616053,12.625574,11.312639,11.984419,11.984419,112936218
2021-01-31,11.997275,15.224376,11.858070,13.516318,13.516318,351069270
2021-02-01,13.519383,13.519383,12.638041,13.227770,13.227770,149280612
2021-02-02,13.235482,13.670383,12.805489,13.515045,13.515045,91074992
2021-02-03,13.507195,14.904875,13.201002,14.805049,14.805049,144515018
2021-02-04,14.799271,15.813543,13.982809,15.368177,15.368177,180318628
2021-02-05,15.348532,17.996988,15.220497,17.913799,17.913799,196730774
2021-02-06,17.909731,18.544561,16.036652,17.976021,17.976021,192597459
2021-02-07,18.020672,24.210279,18.000345,24.207178,24.207178,545865729
2021-02-08,24.044641,33.306023,23.669598,30.275328,30.275328,894521369
2021-02-09,30.255909,32.972588,27.572586,31.598886,31.598886,445128059
2021-02-10,31.599627,59.939838,31.599627,55.298477,55.298477,2235807129
2021-02-11,54.933861,56.263878,42.227940,47.370319,47.370319,856224806
2021-02-12,47.157520,54.392506,43.774189,48.656181,48.656181,688788872
2021-02-13,48.657524,51.917896,43.491493,43.787148,43.787148,380032573
2021-02-14,43.766739,44.543823,38.328674,38.575954,38.575954,472803313
2021-02-15,38.545528,43.987274,33.832111,38.176502,38.176502,492075708
2021-02-16,38.159122,39.490463,35.285011,36.336075,36.336075,360245755
2021-02-17,36.401260,41.205078,34.224567,37.052147,37.052147,417547992
2021-02-18,37.055477,43.696243,36.020283,41.015091,41.015091,433522043
2021-02-19,41.040829,41.210419,38.001411,38.751457,38.751457,319733162
2021-02-20,38.769707,42.751598,32.889351,36.233868,36.233868,468606771
2021-02-21,36.101547,37.932781,35.151634,36.147972,36.147972,213433308
2021-02-22,36.145779,36.258865,26.933208,32.279057,32.279057,341397482
2021-02-23,32.310028,32.310028,23.411659,27.562902,27.562902,358695614
2021-02-24,27.583151,31.898148,25.485592,29.935980,29.935980,367826263
2021-02-25,29.925507,32.036877,26.739532,26.739532,26.739532,246988832
2021-02-26,26.860483,27.982986,24.989325,25.939810,25.939810,178639218
2021-02-27,25.963408,27.416004,25.257540,25.814472,25.814472,160106642
2021-02-28,25.821205,25.909754,22.301069,23.823219,23.823219,156409576
2021-03-01,23.877151,27.769768,23.697975,27.403772,27.403772,248201636
2021-03-02,27.420732,31.742144,26.015213,27.135157,27.135157,563934379
2021-03-03,27.148203,29.230932,26.619446,27.272078,27.272078,305240058
2021-03-04,27.266541,28.733620,24.280476,25.805176,25.805176,290696777
2021-03-05,25.781891,25.781891,23.620703,24.378054,24.378054,192065807
2021-03-06,24.340832,25.496489,23.895378,24.923477,24.923477,138082740
2021-03-07,24.917141,27.865213,24.917141,26.650154,26.650154,300207534
2021-03-08,26.655933,27.069468,25.174383,25.545988,25.545988,209982091
2021-03-09,25.549341,34.595470,23.743547,34.248699,34.248699,1202374920
2021-03-10,34.245686,35.584999,28.912786,29.714048,29.714048,842150960
2021-03-11,29.651203,32.821716,28.467239,30.728991,30.728991,596126031
2021-03-12,30.783205,31.476248,27.065897,27.989315,27.989315,431815755
2021-03-13,27.999620,33.139133,27.049644,30.909084,30.909084,521074219
2021-03-14,30.875923,32.179310,29.058769,29.058769,29.058769,312497649
2021-03-15,28.987053,30.463226,27.261057,29.017908,29.017908,334277022
2021-03-16,28.950258,33.164951,27.748606,33.080162,33.080162,450559779
2021-03-17,33.076180,33.858727,31.004419,32.645828,32.645828,440750660
2021-03-18,32.653790,35.610050,31.966227,33.301388,33.301388,439630072
2021-03-19,33.263523,38.437855,31.762743,37.764977,37.764977,621681221
2021-03-20,37.587563,39.389565,34.346478,34.346478,34.346478,341937806
2021-03-21,34.341400,35.511627,32.116642,32.811722,32.811722,328942185
2021-03-22,32.807571,33.542725,28.989012,29.360292,29.360292,310387936
2021-03-23,29.307709,30.836594,28.351925,28.591270,28.591270,245730628
2021-03-24,28.553295,30.400335,25.096127,26.051702,26.051702,292191840
2021-03-25,25.983723,27.463455,24.641676,25.997766,25.997766,252605201
2021-03-26,25.946861,28.879904,25.907812,28.237909,28.237909,232181872
2021-03-27,28.242039,28.605022,26.883741,27.631645,27.631645,175964471
2021-03-28,27.617247,29.492058,27.247299,28.697353,28.697353,222965831
2021-03-29,28.709866,30.247343,28.264359,29.469568,29.469568,219894708
2021-03-30,29.477430,30.783155,28.942513,29.625277,29.625277,221168524
2021-03-31,29.615747,29.886477,26.699457,28.728970,28.728970,221774579
2021-04-01,28.732580,29.296858,27.993950,28.418751,28.418751,172089242
2021-04-02,28.332315,29.574100,28.043386,29.117611,29.117611,167497181
2021-04-03,29.081627,32.780338,28.199560,28.251848,28.251848,424655897
2021-04-04,28.299345,30.093628,27.917349,29.329712,29.329712,185849450
2021-04-05,29.310335,32.983772,28.740986,31.246593,31.246593,447418402
2021-04-06,31.278708,34.554840,30.200602,31.554495,31.554495,453065493
2021-04-07,31.521107,32.699039,28.704386,29.476511,29.476511,337039411
2021-04-08,29.580791,31.358032,29.308914,30.764034,30.764034,177272348
2021-04-09,30.760326,32.424210,30.409527,31.532610,31.532610,289110798
2021-04-10,31.536280,33.943993,30.880163,31.803802,31.803802,377650235
2021-04-11,31.803797,32.366478,30.935728,31.602322,31.602322,211605192
2021-04-12,31.665594,35.654881,31.306709,33.883968,33.883968,485683846
2021-04-13,33.798214,34.812187,31.746958,33.673531,33.673531,380251185
2021-04-14,33.636780,39.375916,32.976460,38.462868,38.462868,975987632
2021-04-15,38.416428,40.800369,36.406467,37.143063,37.143063,578582518
2021-04-16,37.022388,37.566322,33.179733,35.631317,35.631317,441000850
2021-04-17,35.535053,36.879841,33.909210,34.341454,34.341454,299361049
2021-04-18,34.361160,34.697552,23.411560,29.253094,29.253094,586258120
2021-04-19,29.287132,30.460571,25.610403,26.283066,26.283066,305510537
2021-04-20,26.136114,28.269308,24.011190,27.347954,27.347954,351820081
2021-04-21,27.406202,28.403427,25.853033,25.903503,25.903503,255465065
2021-04-22,25.830305,27.733658,22.965611,24.034962,24.034962,293095836
2021-04-23,23.987833,24.673828,20.011246,23.498425,23.498425,381922880
2021-04-24,23.583303,23.891144,21.520355,21.777529,21.777529,177292845
2021-04-25,21.830559,23.682745,20.460407,21.543121,21.543121,138398301
2021-04-26,21.623466,26.477098,21.406921,26.459278,26.459278,264631790
2021-04-27,26.466717,27.862099,25.769238,27.820370,27.820370,214406079
2021-04-28,27.920237,29.030087,25.881781,28.327574,28.327574,240501701
2021-04-29,28.295357,29.682461,26.637962,27.929865,27.929865,218944693
2021-04-30,27.930897,32.984890,27.528404,32.918373,32.918373,386072188
2021-05-01,32.898544,35.640305,31.766844,31.890842,31.890842,415039866
2021-05-02,31.794001,32.658676,30.472296,31.304956,31.304956,241565270
2021-05-03,31.324923,37.082355,31.165506,35.932320,35.932320,613797104
2021-05-04,35.876583,36.136494,29.982916,30.361431,30.361431,429905095
2021-05-05,30.292955,35.560745,29.837103,35.263119,35.263119,311207014
2021-05-06,35.253933,39.297241,34.752003,37.980843,37.980843,615820256
2021-05-07,37.970577,43.743954,36.006283,38.049919,38.049919,812137105
2021-05-08,37.901997,39.782150,37.270908,38.322075,38.322075,350546182
2021-05-09,38.402069,39.360958,35.331161,39.021637,39.021637,329199843
2021-05-10,38.926502,41.777855,30.219271,34.701488,34.701488,528356770
2021-05-11,34.690529,37.254913,32.580772,36.824780,36.824780,342073952
2021-05-12,36.756794,41.445148,32.016247,32.016247,32.016247,635368557
2021-05-13,32.806305,37.159695,31.041418,34.980240,34.980240,539807645
2021-05-14,35.040771,37.984100,33.390038,36.951202,36.951202,343970663
2021-05-15,36.952244,39.830677,34.138470,34.410564,34.410564,601746075
2021-05-16,34.429394,39.502804,32.614388,36.518810,36.518810,566714442
2021-05-17,36.551125,37.643414,31.962299,33.662254,33.662254,457823166
2021-05-18,33.628712,37.678078,33.316750,36.822159,36.822159,369926391
2021-05-19,36.976425,38.424492,18.678583,23.383896,23.383896,583118261
2021-05-20,23.133921,28.166262,20.922798,25.196884,25.196884,356467352
2021-05-21,25.104174,26.717781,18.454182,21.801769,21.801769,262253583
2021-05-22,21.866186,22.172253,18.335522,18.851139,18.851139,159666877
2021-05-23,18.847212,19.665552,12.147003,15.756152,15.756152,241105086
2021-05-24,15.625920,20.477659,15.123733,19.410948,19.410948,248935736
2021-05-25,19.391464,20.188707,17.091576,19.450809,19.450809,177064640
2021-05-26,19.492048,21.447901,19.057198,20.905676,20.905676,183798753
2021-05-27,20.833689,21.231421,18.790190,19.000336,19.000336,120995855
2021-05-28,19.067225,19.595343,16.057718,16.733412,16.733412,124661585
2021-05-29,16.730297,17.593405,15.204785,16.127493,16.127493,73317089
2021-05-30,16.178581,17.437275,15.171513,16.534386,16.534386,66551414
2021-05-31,16.520447,18.194424,15.716959,18.161320,18.161320,83671863
2021-06-01,18.157639,18.550896,17.159929,17.773170,17.773170,80656521
2021-06-02,17.750004,19.373064,17.175003,18.677080,18.677080,101921641
2021-06-03,18.696392,20.689634,18.282835,20.243713,20.243713,118155006
2021-06-04,20.278732,20.542568,17.458096,18.247404,18.247404,108497012
2021-06-05,18.259314,19.149021,16.929382,17.250303,17.250303,92501652
2021-06-06,17.236080,17.990116,17.127634,17.400110,17.400110,48841452
2021-06-07,17.397755,18.059637,15.379606,15.522640,15.522640,129221032
2021-06-08,15.551502,16.041800,13.700927,14.868940,14.868940,123776326
2021-06-09,14.810752,15.756422,13.679164,15.386891,15.386891,107246374
2021-06-10,15.391997,15.578578,13.782871,14.176408,14.176408,90307844
2021-06-11,14.200589,14.610232,13.160651,13.418979,13.418979,79178329
2021-06-12,13.415623,13.879983,12.660572,13.551930,13.551930,79705597
2021-06-13,13.531064,14.983818,13.275484,14.775566,14.775566,97026435
2021-06-14,14.749501,15.444484,14.437775,14.965836,14.965836,99438783
2021-06-15,15.073719,15.518419,14.626017,15.180043,15.180043,95150889
2021-06-16,14.719949,14.920153,13.929624,14.067678,14.067678,79021452
2021-06-17,14.083843,15.474483,14.030822,14.832069,14.832069,100424428
2021-06-18,14.864891,15.277356,13.139540,13.627871,13.627871,78295122
2021-06-19,13.638351,14.048290,13.237807,13.457729,13.457729,37953811
2021-06-20,13.397244,14.143520,12.837082,13.970991,13.970991,55939670
2021-06-21,13.929668,14.064413,11.078562,11.210616,11.210616,86300256
2021-06-22,11.192224,11.744131,9.374876,10.526582,10.526582,109716996
2021-06-23,10.552963,11.790402,10.183929,11.193947,11.193947,76905669
2021-06-24,11.465366,11.754492,10.843753,11.482957,11.482957,51808717
2021-06-25,11.493886,11.752287,10.208093,10.270670,10.270670,53164067
2021-06-26,10.244574,10.597162,9.791808,10.275571,10.275571,42029114
2021-06-27,10.329536,10.986549,10.098623,10.919080,10.919080,34727228
2021-06-28,10.947499,11.468240,10.726836,11.286296,11.286296,45312867
2021-06-29,11.300424,12.349825,11.094192,11.851420,11.851420,60893173
2021-06-30,11.931250,12.089553,11.042938,11.955547,11.955547,52911536
2021-07-01,11.950309,12.069079,11.013508,11.229811,11.229811,33886419
2021-07-02,11.220790,11.351058,10.581777,11.132654,11.132654,40854419
2021-07-03,11.112865,11.672790,10.884224,11.503907,11.503907,33146235
2021-07-04,11.497730,12.872620,11.213143,12.350100,12.350100,60403499
2021-07-05,12.338711,12.419793,11.600727,12.026810,12.026810,64962340
2021-07-06,12.050247,14.199019,12.045264,13.357434,13.357434,115274691
2021-07-07,13.354413,14.155040,13.059630,13.089753,13.089753,90665563
2021-07-08,13.112231,13.112231,11.857613,12.119664,12.119664,66426383
2021-07-09,12.097369,12.869099,11.647982,12.544168,12.544168,63493395
2021-07-10,12.553657,12.839050,11.876798,12.025737,12.025737,36867384
2021-07-11,12.023887,12.487708,11.926104,12.413665,12.413665,31468064
2021-07-12,12.427888,12.834543,11.722985,12.186533,12.186533,51376241
2021-07-13,12.161838,12.436649,11.770151,11.914669,11.914669,43903713
2021-07-14,11.900751,12.093231,11.136691,11.792096,11.792096,43795905
2021-07-15,11.800612,12.095834,11.138983,11.349886,11.349886,34811185
2021-07-16,11.389361,11.816188,10.843706,10.860897,10.860897,47233363
2021-07-17,10.813634,11.148224,10.737405,10.927746,10.927746,32780916
2021-07-18,10.963819,11.276327,10.661143,10.704651,10.704651,32792037
2021-07-19,10.697859,10.762090,10.045845,10.169768,10.169768,32476789
2021-07-20,10.180246,10.341177,9.340633,9.650588,9.650588,35862709
2021-07-21,9.642047,10.743847,9.483743,10.420525,10.420525,45013149
2021-07-22,10.427432,10.957330,10.243191,10.828588,10.828588,40893616
2021-07-23,10.835400,11.160614,10.534508,11.099356,11.099356,35786332
2021-07-24,11.073753,11.446879,10.960573,11.172817,11.172817,42078775
2021-07-25,11.150534,11.340200,10.769185,11.240787,11.240787,34788469
2021-07-26,11.247705,12.686219,11.215410,11.492170,11.492170,94326395
2021-07-27,11.464036,12.271713,11.188349,11.919773,11.919773,52941102
2021-07-28,11.932215,12.432094,11.702206,12.256927,12.256927,68268675
2021-07-29,12.315290,12.631003,11.989973,12.418383,12.418383,66712426
2021-07-30,12.429551,13.002365,11.965535,13.002365,13.002365,71146688
2021-07-31,12.982474,13.609854,12.604904,13.591609,13.591609,67970748
2021-08-01,13.528723,14.062380,12.652550,12.877432,12.877432,90946247
2021-08-02,12.861507,13.369730,12.649082,13.006891,13.006891,54993392
2021-08-03,13.000876,13.510858,12.335033,12.533294,12.533294,60826755
2021-08-04,12.560795,13.767554,12.421239,13.679925,13.679925,66911765
2021-08-05,13.696864,13.941016,12.923048,13.834281,13.834281,76011395
2021-08-06,13.834606,14.962121,13.411563,14.725431,14.725431,105878541
2021-08-07,14.757721,15.921668,14.621930,15.761190,15.761190,128714036
2021-08-08,15.837834,16.091908,14.584627,14.814119,14.814119,78280305
2021-08-09,14.809564,16.728161,14.474168,16.231806,16.231806,143463343
2021-08-10,16.182020,17.168316,15.806886,16.448439,16.448439,124902142
2021-08-11,16.426006,17.554728,16.391657,16.748678,16.748678,122723375
2021-08-12,16.725693,17.536139,15.478687,16.569054,16.569054,112149586
2021-08-13,16.597775,18.279350,16.414026,18.048754,18.048754,113858977
2021-08-14,18.032701,18.407064,17.242128,18.067650,18.067650,101585490
2021-08-15,18.107939,18.820534,17.165447,18.795135,18.795135,101215297
2021-08-16,18.771498,21.113394,18.494005,19.182631,19.182631,252835090
2021-08-17,19.076418,25.346676,18.481083,23.529999,23.529999,737983102
2021-08-18,23.425014,30.884371,21.543831,29.890814,29.890814,1170857988
2021-08-19,30.035482,33.709991,28.806576,30.634274,30.634274,1116363939
2021-08-20,30.667894,39.185303,29.999386,39.185303,39.185303,962895338
2021-08-21,39.126446,49.961567,37.804619,43.786911,43.786911,1931663488
2021-08-22,43.733883,45.005493,40.760937,43.532200,43.532200,1163748675
2021-08-23,43.630627,53.068478,43.630627,46.450531,46.450531,1527912599
2021-08-24,46.517727,58.984772,44.314716,55.345852,55.345852,2249385587
2021-08-25,55.572769,57.433067,45.710415,46.115124,46.115124,1541625994
2021-08-26,46.258255,48.457481,41.420753,41.420753,41.420753,1202053529
2021-08-27,41.371857,50.411098,40.332150,50.077789,50.077789,1672611618
2021-08-28,50.135563,51.761093,46.243622,50.197136,50.197136,1165188185
2021-08-29,50.237129,52.412930,46.795429,47.509106,47.509106,790206804
2021-08-30,47.482578,48.226082,41.141460,41.325077,41.325077,863132838
2021-08-31,41.461670,44.168255,38.392105,39.487350,39.487350,863301439
2021-09-01,39.543476,45.529957,38.628056,41.931602,41.931602,1042268891
2021-09-02,42.478481,47.849262,41.296352,47.755917,47.755917,967474676
2021-09-03,47.650715,51.549908,44.889061,45.911182,45.911182,1292097111
2021-09-04,45.900158,49.788338,44.165131,47.143166,47.143166,920757965
2021-09-05,47.204662,49.384651,45.589752,48.178925,48.178925,870312119
2021-09-06,48.146778,51.304600,43.671879,47.042988,47.042988,1176511096
2021-09-07,47.092613,47.180855,32.801224,37.598949,37.598949,1505074715
2021-09-08,37.662605,39.429508,33.284008,37.051407,37.051407,932136418
2021-09-09,36.581036,44.550735,36.156017,40.772614,40.772614,1331437306
2021-09-10,40.731609,49.605160,40.483967,49.189137,49.189137,2437929731
2021-09-11,49.481224,58.990349,48.353607,57.164246,57.164246,2562681437
2021-09-12,57.098942,64.873032,53.831429,59.259430,59.259430,2713467627
2021-09-13,59.302189,60.749023,48.057262,53.110153,53.110153,2513345537
2021-09-14,53.203190,57.167706,49.250038,51.578117,51.578117,1243073204
2021-09-15,51.503902,58.111759,50.363480,57.625393,57.625393,1139814004
2021-09-16,57.891899,67.858849,57.290649,67.842697,67.842697,2877776131
2021-09-17,67.673767,70.784729,60.916031,69.934013,69.934013,2149572436
2021-09-18,70.071068,75.324799,67.248055,69.012383,69.012383,1951788341
2021-09-19,68.860992,76.213913,66.546936,70.075722,70.075722,1827002963
2021-09-20,70.093880,70.397858,55.915348,56.677929,56.677929,2342075415
2021-09-21,57.325871,66.106621,52.868923,59.017357,59.017357,2637731601
2021-09-22,58.983479,74.473717,57.962494,74.187035,74.187035,2640281903
2021-09-23,74.086197,79.522591,73.026749,76.419060,76.419060,2336551605
2021-09-24,76.457024,78.351608,67.140198,72.401901,72.401901,2238592113
2021-09-25,72.389549,72.636429,67.695068,68.381660,68.381660,1022340249
2021-09-26,68.351662,71.481285,61.881161,66.861969,66.861969,1282520288
2021-09-27,66.881004,72.469070,65.468826,66.508759,66.508759,1210911405
2021-09-28,66.371300,69.436226,61.250835,61.517719,61.517719,989963988
2021-09-29,61.600773,69.243546,61.387615,65.520004,65.520004,1366679673
2021-09-30,65.507896,68.721069,64.363678,66.765884,66.765884,1122979274
2021-10-01,66.626358,69.440208,63.308277,67.570396,67.570396,1441796222
2021-10-02,67.633919,73.357719,65.877022,69.220490,69.220490,1391263335
2021-10-03,69.132828,71.539963,67.653046,68.717041,68.717041,1003680421
2021-10-04,68.683022,68.683022,64.004288,65.159843,65.159843,949626760
2021-10-05,65.247177,66.719330,62.942802,64.650116,64.650116,813159957
2021-10-06,64.599770,65.695107,58.682579,60.114075,60.114075,963971611
2021-10-07,60.029919,62.273556,57.560555,61.488354,61.488354,906896093
2021-10-08,61.519585,64.920471,60.065067,60.520226,60.520226,812757714
2021-10-09,60.395821,61.953396,59.862900,60.566257,60.566257,368977448
2021-10-10,60.570847,60.883995,55.544422,56.593575,56.593575,450502943
2021-10-11,56.589451,59.194138,53.956230,55.304611,55.304611,590939451
2021-10-12,55.338387,55.338387,51.227615,54.357971,54.357971,692864342
2021-10-13,54.353676,57.052876,53.330341,55.152489,55.152489,655950094
2021-10-14,54.992874,58.427868,54.952103,56.081104,56.081104,521698717
2021-10-15,56.178860,57.090157,54.602188,56.251087,56.251087,559567841
2021-10-16,56.310177,61.839802,55.712101,57.483093,57.483093,730039645
2021-10-17,57.569977,58.532707,53.553791,56.077366,56.077366,388579198
2021-10-18,56.037670,56.425823,54.254124,55.474483,55.474483,301848293
2021-10-19,55.531334,58.032936,55.129128,56.816975,56.816975,369199133
2021-10-20,56.807442,61.553413,56.725204,59.559841,59.559841,557808885
2021-10-21,59.631687,64.312057,58.895515,61.309811,61.309811,834466444
2021-10-22,61.447987,68.641785,61.422531,65.455284,65.455284,1235036359
2021-10-23,65.532471,69.101700,64.567146,65.459167,65.459167,675884810
2021-10-24,65.435112,67.588387,61.973976,64.518394,64.518394,512814089
2021-10-25,64.553665,69.824692,64.381531,69.824692,69.824692,559909250
2021-10-26,69.709671,72.882210,67.823219,68.871132,68.871132,913850539
2021-10-27,68.671959,69.548653,57.861244,61.516636,61.516636,947198473
2021-10-28,61.525433,64.931313,61.525433,64.430077,64.430077,593781415
2021-10-29,64.383186,66.127312,63.538700,64.772469,64.772469,390478927
2021-10-30,64.733238,64.775375,61.095364,62.415268,62.415268,340551397
2021-10-31,62.313251,64.436340,60.341034,64.287804,64.287804,385833917
2021-11-01,64.499268,66.686165,62.359192,65.072517,65.072517,553398869
2021-11-02,64.968269,68.047417,64.343796,67.584557,67.584557,437288365
2021-11-03,67.773087,75.536034,67.150841,75.430420,75.430420,1110753061
2021-11-04,75.577637,80.965385,74.125282,79.293221,79.293221,1139576690
2021-11-05,79.047600,81.074348,72.458153,74.364738,74.364738,593374945
2021-11-06,74.296654,78.685204,72.519196,78.685204,78.685204,487295739
2021-11-07,78.805908,88.838860,78.138786,87.705421,87.705421,1321363546
2021-11-08,87.705994,96.913177,83.727386,91.184784,91.184784,1954611681
2021-11-09,91.073723,91.536751,87.080971,88.454865,88.454865,780284087
2021-11-10,88.303650,94.024086,78.648842,85.295273,85.295273,1297653103
2021-11-11,85.381668,89.538551,83.840477,88.061333,88.061333,661012573
2021-11-12,87.875259,89.974457,81.318481,84.724915,84.724915,676532796
2021-11-13,84.796791,98.441429,84.796791,97.260468,97.260468,1144798693
2021-11-14,97.555580,99.883347,91.810280,95.403542,95.403542,1142384672
2021-11-15,95.420151,101.586052,92.254288,93.550232,93.550232,1202984508
2021-11-16,94.031784,101.862465,84.000175,97.975571,97.975571,1843490926
2021-11-17,98.026245,110.031975,94.122520,107.802078,107.802078,2393292480
2021-11-18,107.584999,110.308762,92.364723,100.252769,100.252769,1920193319
2021-11-19,100.457672,112.111908,96.071487,112.023560,112.023560,1562347126
2021-11-20,112.084312,129.933487,111.912918,125.770630,125.770630,2291581571
2021-11-21,125.829826,146.217865,123.548363,128.599823,128.599823,3379295976
2021-11-22,128.782578,144.881882,126.192612,134.531036,134.531036,3211306704
2021-11-23,134.865555,136.538147,122.111107,123.831047,123.831047,1959122592
2021-11-24,123.878624,124.509636,113.000458,120.228188,120.228188,1902624284
2021-11-25,115.086845,130.042709,114.352242,122.648529,122.648529,2233964558
2021-11-26,119.164246,119.828178,102.029152,103.829582,103.829582,1712875693
2021-11-27,104.302078,118.079910,103.338898,113.276649,113.276649,1211028703
2021-11-28,113.753868,114.004623,101.441124,110.589020,110.589020,1422129303
2021-11-29,110.495132,120.258301,109.416039,120.258301,120.258301,1227497076
2021-11-30,120.442215,124.555313,114.489075,120.343697,120.343697,1734884533
2021-12-01,120.248314,127.330017,117.504074,119.750847,119.750847,1437422167
2021-12-02,119.681267,119.707138,107.226540,107.866547,107.866547,1117942461
2021-12-03,107.868294,113.173370,100.802109,108.137848,108.137848,1379333420
2021-12-04,108.735344,108.763481,77.021767,92.880234,92.880234,2100725079
2021-12-05,93.019386,95.311951,82.750076,85.790024,85.790024,1220952521
2021-12-06,86.478020,94.899666,77.190048,93.319298,93.319298,1786165231
2021-12-07,93.347420,96.677628,88.149651,89.952179,89.952179,1066934424
2021-12-08,89.689697,93.242516,86.775047,93.221054,93.221054,736763695
2021-12-09,93.034302,94.494781,83.389755,85.461769,85.461769,918578963
2021-12-10,85.559891,91.738060,80.718231,80.739677,80.739677,1031654019
2021-12-11,80.787704,86.995476,79.292419,86.392815,86.392815,807032061
2021-12-12,86.428909,88.903542,83.035156,88.109116,88.109116,595911581
2021-12-13,88.103561,90.010117,75.785927,79.149628,79.149628,1146609022
2021-12-14,79.052780,87.494423,76.622589,87.311905,87.311905,1039726774
2021-12-15,87.273590,105.269608,86.306923,101.181450,101.181450,2397339948
2021-12-16,101.209602,109.770050,98.104958,98.401886,98.401886,1843664083
2021-12-17,98.181892,115.909233,98.181892,111.008766,111.008766,2509017517
2021-12-18,111.010483,117.373932,105.634331,116.016869,116.016869,1589986609
2021-12-19,115.851479,116.695313,106.944221,107.673782,107.673782,1025197695
2021-12-20,107.680351,115.923790,101.056824,113.408516,113.408516,2014776080
2021-12-21,113.401344,124.018204,110.932785,123.332947,123.332947,1732104245
2021-12-22,123.377365,127.421661,116.069687,116.477356,116.477356,1353772414
2021-12-23,116.732132,124.981415,116.472740,121.209969,121.209969,1261376043
2021-12-24,121.400230,124.612068,113.664391,114.976456,114.976456,1136972581
2021-12-25,115.061066,117.172302,112.566216,115.031929,115.031929,878551694
2021-12-26,115.006401,117.934357,109.573189,115.214828,115.214828,963393172
2021-12-27,115.111511,120.843353,113.399055,113.598618,113.598618,942094550
2021-12-28,113.759529,116.611526,104.702087,107.215614,107.215614,1435837733
2021-12-29,107.124519,110.558716,102.695328,102.998123,102.998123,1091704197
2021-12-30,103.097176,105.361458,98.326004,101.928276,101.928276,1015886046
2021-12-31,101.849525,111.501465,100.361008,109.270485,109.270485,1323734905
2022-01-01,109.381569,114.223862,108.727119,114.158012,114.158012,784319683
2022-01-02,114.204704,117.315094,112.213882,113.186333,113.186333,777052324
2022-01-03,113.173409,113.901268,106.457054,108.145210,108.145210,894675873
2022-01-04,108.147064,109.116112,103.239243,103.239243,103.239243,918513472
2022-01-05,103.260681,106.469109,91.376854,97.852577,97.852577,1168896098
2022-01-06,97.831512,97.831512,91.263786,95.198540,95.198540,909261500
2022-01-07,95.178711,95.290390,85.430511,86.767715,86.767715,1163318424
2022-01-08,86.751747,89.432838,79.608589,84.056839,84.056839,1021954391
2022-01-09,84.048515,91.796989,82.928528,89.206558,89.206558,900030318
2022-01-10,89.257103,90.844009,80.860588,84.532616,84.532616,1138103402
2022-01-11,84.525459,90.856804,83.470993,89.501816,89.501816,719261554
2022-01-12,89.522408,96.761726,88.987267,95.823509,95.823509,962440339
2022-01-13,95.823509,97.105797,89.407883,89.407883,89.407883,756890649
2022-01-14,89.479103,91.632629,87.661285,90.340530,90.340530,640737088
2022-01-15,90.353897,94.321808,89.827507,93.315819,93.315819,514349943
2022-01-16,93.304611,94.830498,92.007431,92.239799,92.239799,498172515
2022-01-17,92.255554,92.412300,85.694809,86.750664,86.750664,613946950
2022-01-18,86.754128,87.325920,83.922180,86.013412,86.013412,519434644
2022-01-19,86.023888,86.350296,81.420715,82.903305,82.903305,538783322
2022-01-20,82.896179,87.642090,79.068459,79.068459,79.068459,301646934
2022-01-21,79.135452,80.301506,64.556450,65.922562,65.922562,1061162871
2022-01-22,65.968208,67.467133,53.939335,59.729050,59.729050,1333878308
2022-01-23,59.793182,66.704002,59.435295,64.725410,64.725410,897015183
2022-01-24,64.752945,64.804886,55.571152,62.877632,62.877632,1159701823
2022-01-25,62.897339,70.344475,61.892654,67.900589,67.900589,994124979
2022-01-26,67.893990,72.919334,64.659729,65.995789,65.995789,1166402419
2022-01-27,65.966316,67.782364,61.338543,64.696808,64.696808,798856523
2022-01-28,64.635361,67.324104,61.941467,67.127312,67.127312,664566075
2022-01-29,67.118385,73.441330,67.008911,72.120277,72.120277,697610539
2022-01-30,72.105721,72.230087,67.011909,67.973785,67.973785,534098086
2022-01-31,67.982178,70.555588,64.403847,69.992424,69.992424,700410198
2022-02-01,69.983116,73.742805,68.847420,73.448814,73.448814,843353375
2022-02-02,73.432404,74.508018,67.752884,67.879974,67.879974,875718764
2022-02-03,67.860443,68.855301,65.345970,68.107719,68.107719,695260121
2022-02-04,68.108429,77.499489,67.621902,77.311638,77.311638,965938411
2022-02-05,77.465012,80.759872,75.349075,77.249489,77.249489,797735218
2022-02-06,77.241997,78.929489,74.620300,78.757263,78.757263,506746738
2022-02-07,78.795868,85.173058,77.645348,83.167000,83.167000,912462594
2022-02-08,83.219940,92.372025,82.055779,86.624199,86.624199,2252177846
2022-02-09,86.545013,91.928459,84.781975,90.020866,90.020866,1053167954
2022-02-10,90.027542,94.988098,85.367302,91.136223,91.136223,1616543856
2022-02-11,91.167915,92.493523,80.308640,81.732994,81.732994,1323311027
2022-02-12,81.758804,84.715034,79.080574,81.245674,81.245674,1123397419
2022-02-13,81.212898,83.243668,77.758522,78.243118,78.243118,676959728
2022-02-14,78.197716,82.522385,76.424240,82.019669,82.019669,865000799
2022-02-15,82.032173,93.430153,81.596405,92.672501,92.672501,1272958909
2022-02-16,92.750298,97.048775,91.830299,95.346115,95.346115,1729554621
2022-02-17,95.246544,98.573685,86.663620,88.123772,88.123772,1798309218
2022-02-18,88.224503,89.939445,82.849754,83.836975,83.836975,1283023478
2022-02-19,83.823341,86.306412,81.184799,85.099319,85.099319,850252533
2022-02-20,85.108269,85.540192,76.742737,77.336784,77.336784,984477195
2022-02-21,77.301071,82.576752,69.789597,69.988930,69.988930,1626858109
2022-02-22,69.997147,74.757629,67.464798,74.574356,74.574356,1344001591
2022-02-23,74.542030,81.835442,73.698631,73.698631,73.698631,1699396767
2022-02-24,73.669731,79.316010,64.831413,76.523964,76.523964,3097306165
2022-02-25,76.537056,81.859871,72.947037,80.832619,80.832619,1884195969
2022-02-26,80.847862,84.872398,78.503708,81.879707,81.879707,1419135253
2022-02-27,81.793427,82.264816,73.751022,74.991188,74.991188,1577126485
2022-02-28,74.977539,85.394432,72.127090,84.339233,84.339233,1906636314
2022-03-01,84.347267,90.677765,83.969139,86.735931,86.735931,2279596412
2022-03-02,86.746078,89.702049,82.613007,83.291664,83.291664,1610175795
2022-03-03,83.304268,84.253365,77.359322,78.557648,78.557648,1534290692
2022-03-04,78.619392,82.026680,75.154099,75.654243,75.654243,1871411668
2022-03-05,75.693207,78.551178,73.648941,76.727425,76.727425,993285550
2022-03-06,76.736824,76.996429,72.529022,72.529022,72.529022,913541519
2022-03-07,72.527046,76.420128,70.722305,71.880539,71.880539,1144242245
2022-03-08,71.868919,76.383499,71.502838,72.918358,72.918358,1344906811
2022-03-09,72.948074,80.160469,72.577217,77.716049,77.716049,1650128263
2022-03-10,77.673630,78.891182,71.979843,74.004097,74.004097,1200529915
2022-03-11,74.003334,76.780159,70.997711,71.235474,71.235474,1603071548